{
  "lf_keyword_only": {
    "config_path": "temp_lf_keyword_only.yaml",
    "experiment_name": "lf_exp_lf_keyword_only",
    "stages": {
      "data_loading": {
        "name": "data_loading",
        "start_time": 1757040804.300817,
        "end_time": 1757040804.30601,
        "elapsed_seconds": 0.005192995071411133
      },
      "labeling": {
        "name": "labeling",
        "start_time": 1757040804.3061702,
        "end_time": 1757040804.30743,
        "elapsed_seconds": 0.0012598037719726562
      },
      "label_model": {
        "name": "label_model",
        "start_time": 1757040804.3079174,
        "end_time": 1757040804.3092813,
        "elapsed_seconds": 0.001363992691040039
      },
      "graph_gnn": {
        "name": "graph_gnn",
        "start_time": 1757040804.3094497,
        "end_time": 1757040804.3107433,
        "elapsed_seconds": 0.0012936592102050781
      },
      "rag": {
        "name": "rag",
        "start_time": 1757040804.3109446,
        "end_time": 1757040804.3121645,
        "elapsed_seconds": 0.0012199878692626953
      },
      "drl": {
        "name": "drl",
        "start_time": 1757040804.3123152,
        "end_time": 1757040804.3125947,
        "elapsed_seconds": 0.00027942657470703125
      },
      "evaluation": {
        "name": "evaluation",
        "start_time": 1757040804.3127725,
        "end_time": 1757040804.3132522,
        "elapsed_seconds": 0.00047969818115234375
      },
      "save_results": {
        "name": "save_results",
        "start_time": 1757040804.313386,
        "end_time": 1757040804.3206923,
        "elapsed_seconds": 0.007306337356567383
      }
    },
    "data_stats": {
      "train_size": 200,
      "valid_size": 50,
      "test_size": 50
    },
    "labeling_stats": {
      "coverage": 0.4125,
      "abstain_rate": 0.5875,
      "conflict_rate": 0.0,
      "lf_coverage": [
        0.36,
        0.465
      ],
      "n_samples": 200,
      "n_lfs": 2
    },
    "label_model_stats": {
      "proba_shape": [
        200,
        2
      ],
      "model_type": "majority_vote"
    },
    "graph_stats": {
      "graph_nodes": 17,
      "gnn_model": "gcn"
    },
    "rag_stats": {
      "retrieved_count": 5,
      "has_context": true,
      "retriever_type": "simple_bm25"
    },
    "drl_stats": {
      "total_reward": 1.2729238322621659,
      "episodes": 3,
      "policy_type": "dqn"
    },
    "eval_stats": {
      "accuracy": 1.0,
      "f1": 1.0,
      "n_predictions": 200
    }
  },
  "lf_keyword_regex": {
    "config_path": "temp_lf_keyword_regex.yaml",
    "experiment_name": "lf_exp_lf_keyword_regex",
    "stages": {
      "data_loading": {
        "name": "data_loading",
        "start_time": 1757040804.3323433,
        "end_time": 1757040804.3350124,
        "elapsed_seconds": 0.002669095993041992
      },
      "labeling": {
        "name": "labeling",
        "start_time": 1757040804.3351538,
        "end_time": 1757040804.3373444,
        "elapsed_seconds": 0.0021905899047851562
      },
      "label_model": {
        "name": "label_model",
        "start_time": 1757040804.3375235,
        "end_time": 1757040804.3394766,
        "elapsed_seconds": 0.001953125
      },
      "graph_gnn": {
        "name": "graph_gnn",
        "start_time": 1757040804.3396628,
        "end_time": 1757040804.3406017,
        "elapsed_seconds": 0.0009388923645019531
      },
      "rag": {
        "name": "rag",
        "start_time": 1757040804.3407545,
        "end_time": 1757040804.3420444,
        "elapsed_seconds": 0.0012898445129394531
      },
      "drl": {
        "name": "drl",
        "start_time": 1757040804.3421826,
        "end_time": 1757040804.342503,
        "elapsed_seconds": 0.0003204345703125
      },
      "evaluation": {
        "name": "evaluation",
        "start_time": 1757040804.3426046,
        "end_time": 1757040804.343011,
        "elapsed_seconds": 0.0004062652587890625
      },
      "save_results": {
        "name": "save_results",
        "start_time": 1757040804.3431761,
        "end_time": 1757040804.3530698,
        "elapsed_seconds": 0.009893655776977539
      }
    },
    "data_stats": {
      "train_size": 200,
      "valid_size": 50,
      "test_size": 50
    },
    "labeling_stats": {
      "coverage": 0.2275,
      "abstain_rate": 0.7725,
      "conflict_rate": 0.0,
      "lf_coverage": [
        0.4,
        0.51,
        0.0,
        0.0
      ],
      "n_samples": 200,
      "n_lfs": 4
    },
    "label_model_stats": {
      "proba_shape": [
        200,
        2
      ],
      "model_type": "majority_vote"
    },
    "graph_stats": {
      "graph_nodes": 17,
      "gnn_model": "gcn"
    },
    "rag_stats": {
      "retrieved_count": 5,
      "has_context": true,
      "retriever_type": "simple_bm25"
    },
    "drl_stats": {
      "total_reward": 1.9198228236523798,
      "episodes": 3,
      "policy_type": "dqn"
    },
    "eval_stats": {
      "accuracy": 1.0,
      "f1": 1.0,
      "n_predictions": 200
    }
  },
  "lf_full_featured": {
    "config_path": "temp_lf_full_featured.yaml",
    "experiment_name": "lf_exp_lf_full_featured",
    "stages": {
      "data_loading": {
        "name": "data_loading",
        "start_time": 1757040804.3654737,
        "end_time": 1757040804.3678815,
        "elapsed_seconds": 0.0024077892303466797
      },
      "labeling": {
        "name": "labeling",
        "start_time": 1757040804.3680587,
        "end_time": 1757040804.3702426,
        "elapsed_seconds": 0.0021839141845703125
      },
      "label_model": {
        "name": "label_model",
        "start_time": 1757040804.3704283,
        "end_time": 1757040804.3716211,
        "elapsed_seconds": 0.0011928081512451172
      },
      "graph_gnn": {
        "name": "graph_gnn",
        "start_time": 1757040804.371789,
        "end_time": 1757040804.3728237,
        "elapsed_seconds": 0.0010347366333007812
      },
      "rag": {
        "name": "rag",
        "start_time": 1757040804.3729677,
        "end_time": 1757040804.3742037,
        "elapsed_seconds": 0.0012359619140625
      },
      "drl": {
        "name": "drl",
        "start_time": 1757040804.374368,
        "end_time": 1757040804.3747387,
        "elapsed_seconds": 0.0003707408905029297
      },
      "evaluation": {
        "name": "evaluation",
        "start_time": 1757040804.3748877,
        "end_time": 1757040804.3752465,
        "elapsed_seconds": 0.00035881996154785156
      },
      "save_results": {
        "name": "save_results",
        "start_time": 1757040804.3753915,
        "end_time": 1757040804.3850827,
        "elapsed_seconds": 0.009691238403320312
      }
    },
    "data_stats": {
      "train_size": 200,
      "valid_size": 50,
      "test_size": 50
    },
    "labeling_stats": {
      "coverage": 0.15166666666666667,
      "abstain_rate": 0.8483333333333334,
      "conflict_rate": 0.0,
      "lf_coverage": [
        0.4,
        0.51,
        0.0,
        0.0,
        0.0,
        0.0
      ],
      "n_samples": 200,
      "n_lfs": 6
    },
    "label_model_stats": {
      "proba_shape": [
        200,
        2
      ],
      "model_type": "majority_vote"
    },
    "graph_stats": {
      "graph_nodes": 17,
      "gnn_model": "gcn"
    },
    "rag_stats": {
      "retrieved_count": 5,
      "has_context": true,
      "retriever_type": "simple_bm25"
    },
    "drl_stats": {
      "total_reward": 1.4767667239987774,
      "episodes": 3,
      "policy_type": "dqn"
    },
    "eval_stats": {
      "accuracy": 1.0,
      "f1": 1.0,
      "n_predictions": 200
    }
  },
  "lf_precise_keywords": {
    "config_path": "temp_lf_precise_keywords.yaml",
    "experiment_name": "lf_exp_lf_precise_keywords",
    "stages": {
      "data_loading": {
        "name": "data_loading",
        "start_time": 1757040804.3965626,
        "end_time": 1757040804.3990252,
        "elapsed_seconds": 0.002462625503540039
      },
      "labeling": {
        "name": "labeling",