调度器,平均Makespan,标准差,最佳,实验次数,成功次数,失败次数
WASS-RAG (Full),1647.867921396376,1247.1653826925321,769.3223273159523,3,3,0
