{
  "summary": {
    "FIFO": 40000062.065050006,
    "HEFT": 4400060.731716666,
    "HEFT_vs_FIFO_improvement": 88.9998652388062,
    "WASS": 4000062.06505,
    "WASS_vs_FIFO_improvement": 89.99986035385419
  },
  "detailed_results": [
    {
      "scheduler": "FIFO",
      "makespans": [
        40000062.065050006,
        40000062.065050006,
        40000062.065050006
      ],
      "average": 40000062.065050006,
      "min": 40000062.065050006,
      "max": 40000062.065050006
    },
    {
      "scheduler": "HEFT",
      "makespans": [
        4400060.731716666,
        4400060.731716666,
        4400060.731716666
      ],
      "average": 4400060.731716666,
      "min": 4400060.731716666,
      "max": 4400060.731716666
    },
    {
      "scheduler": "WASS",
      "makespans": [
        4000062.0650499994,
        4000062.0650499994,
        4000062.0650499994
      ],
      "average": 4000062.06505,
      "min": 4000062.0650499994,
      "max": 4000062.0650499994
    }
  ],
  "experiments": []
}