{
  "config_path": "configs_wrench_demo.yaml",
  "experiment_name": "demo_wrench_test",
  "stages": {
    "data_loading": {
      "name": "data_loading",
      "start_time": 1757040793.2067604,
      "end_time": 1757040793.2095482,
      "elapsed_seconds": 0.0027878284454345703
    },
    "labeling": {
      "name": "labeling",
      "start_time": 1757040793.2097218,
      "end_time": 1757040793.2387955,
      "elapsed_seconds": 0.029073715209960938
    },
    "label_model": {
      "name": "label_model",
      "start_time": 1757040793.2389235,
      "end_time": 1757040793.2404327,
      "elapsed_seconds": 0.0015091896057128906
    },
    "graph_gnn": {
      "name": "graph_gnn",
      "start_time": 1757040793.2405636,
      "end_time": 1757040793.241785,
      "elapsed_seconds": 0.0012214183807373047
    },
    "rag": {
      "name": "rag",
      "start_time": 1757040793.2419279,
      "end_time": 1757040793.242913,
      "elapsed_seconds": 0.0009851455688476562
    },
    "drl": {
      "name": "drl",
      "start_time": 1757040793.243061,
      "end_time": 1757040793.2433627,
      "elapsed_seconds": 0.00030159950256347656
    },
    "evaluation": {
      "name": "evaluation",
      "start_time": 1757040793.243579,
      "end_time": 1757040793.2439315,
      "elapsed_seconds": 0.00035262107849121094
    }
  },
  "data_stats": {
    "train_size": 200,
    "valid_size": 50,
    "test_size": 50
  },
  "labeling_stats": {
    "coverage": 0.6083333333333333,
    "abstain_rate": 0.3916666666666667,
    "conflict_rate": 0.5636363636363636,
    "lf_coverage": [
      0.36,
      0.465,
      1.0
    ],
    "n_samples": 200,
    "n_lfs": 3
  },
  "label_model_stats": {
    "proba_shape": [
      200,
      2
    ],
    "model_type": "wrench"
  },
  "graph_stats": {
    "graph_nodes": 17,
    "gnn_model": "gcn"
  },
  "rag_stats": {
    "retrieved_count": 5,
    "has_context": true,
    "retriever_type": "simple_bm25"
  },
  "drl_stats": {
    "total_reward": 3.5772258913635873,
    "episodes": 5,
    "policy_type": "dqn"
  },
  "eval_stats": {
    "accuracy": 1.0,
    "f1": 0.0,
    "n_predictions": 200
  }
}