调度器,平均Makespan,标准差,最佳,实验次数,成功次数,失败次数
HEFT,2095.994467102653,957.319088599399,1162.3195688114554,3,3,0
MIN-MIN,1957.7426427783969,995.8779189990452,1176.7923838200236,3,3,0
WASS-DRL (Vanilla),1640.961768108694,1254.4985786837638,748.6038798853409,3,3,0
WASS-RAG (Full),1647.867921396376,1247.1653826925321,769.3223273159523,3,3,0
