{
  "config_path": "configs_example.yaml",
  "experiment_name": "demo_wass_pipeline",
  "stages": {
    "data_loading": {
      "name": "data_loading",
      "start_time": 1757040793.1693332,
      "end_time": 1757040793.1864176,
      "elapsed_seconds": 0.017084360122680664
    },
    "labeling": {
      "name": "labeling",
      "start_time": 1757040793.1868663,
      "end_time": 1757040793.1882493,
      "elapsed_seconds": 0.001383066177368164
    },
    "label_model": {
      "name": "label_model",
      "start_time": 1757040793.1884396,
      "end_time": 1757040793.1895094,
      "elapsed_seconds": 0.001069784164428711
    },
    "graph_gnn": {
      "name": "graph_gnn",
      "start_time": 1757040793.189646,
      "end_time": 1757040793.190683,
      "elapsed_seconds": 0.0010368824005126953
    },
    "rag": {
      "name": "rag",
      "start_time": 1757040793.1908665,
      "end_time": 1757040793.1918678,
      "elapsed_seconds": 0.0010013580322265625
    },
    "drl": {
      "name": "drl",
      "start_time": 1757040793.1919746,
      "end_time": 1757040793.192234,
      "elapsed_seconds": 0.0002593994140625
    },
    "evaluation": {
      "name": "evaluation",
      "start_time": 1757040793.1923907,
      "end_time": 1757040793.192765,
      "elapsed_seconds": 0.0003743171691894531
    }
  },
  "data_stats": {
    "train_size": 200,
    "valid_size": 50,
    "test_size": 50
  },
  "labeling_stats": {
    "coverage": 0.4125,
    "abstain_rate": 0.5875,
    "conflict_rate": 0.0,
    "lf_coverage": [
      0.36,
      0.465
    ],
    "n_samples": 200,
    "n_lfs": 2
  },
  "label_model_stats": {
    "proba_shape": [
      200,
      2
    ],
    "model_type": "majority_vote"
  },
  "graph_stats": {
    "graph_nodes": 17,
    "gnn_model": "gcn"
  },
  "rag_stats": {
    "retrieved_count": 5,
    "has_context": true,
    "retriever_type": "simple_bm25"
  },
  "drl_stats": {
    "total_reward": 1.5075034685792779,
    "episodes": 3,
    "policy_type": "dqn"
  },
  "eval_stats": {
    "accuracy": 1.0,
    "f1": 1.0,
    "n_predictions": 200
  }
}