{
  "config_path": "temp_lf_full_featured.yaml",
  "experiment_name": "lf_exp_lf_full_featured",
  "stages": {
    "data_loading": {
      "name": "data_loading",
      "start_time": 1757040804.3654737,
      "end_time": 1757040804.3678815,
      "elapsed_seconds": 0.0024077892303466797
    },
    "labeling": {
      "name": "labeling",
      "start_time": 1757040804.3680587,
      "end_time": 1757040804.3702426,
      "elapsed_seconds": 0.0021839141845703125
    },
    "label_model": {
      "name": "label_model",
      "start_time": 1757040804.3704283,
      "end_time": 1757040804.3716211,
      "elapsed_seconds": 0.0011928081512451172
    },
    "graph_gnn": {
      "name": "graph_gnn",
      "start_time": 1757040804.371789,
      "end_time": 1757040804.3728237,
      "elapsed_seconds": 0.0010347366333007812
    },
    "rag": {
      "name": "rag",
      "start_time": 1757040804.3729677,
      "end_time": 1757040804.3742037,
      "elapsed_seconds": 0.0012359619140625
    },
    "drl": {
      "name": "drl",
      "start_time": 1757040804.374368,
      "end_time": 1757040804.3747387,
      "elapsed_seconds": 0.0003707408905029297
    },
    "evaluation": {
      "name": "evaluation",
      "start_time": 1757040804.3748877,
      "end_time": 1757040804.3752465,
      "elapsed_seconds": 0.00035881996154785156
    }
  },
  "data_stats": {
    "train_size": 200,
    "valid_size": 50,
    "test_size": 50
  },
  "labeling_stats": {
    "coverage": 0.15166666666666667,
    "abstain_rate": 0.8483333333333334,
    "conflict_rate": 0.0,
    "lf_coverage": [
      0.4,
      0.51,
      0.0,
      0.0,
      0.0,
      0.0
    ],
    "n_samples": 200,
    "n_lfs": 6
  },
  "label_model_stats": {
    "proba_shape": [
      200,
      2
    ],
    "model_type": "majority_vote"
  },
  "graph_stats": {
    "graph_nodes": 17,
    "gnn_model": "gcn"
  },
  "rag_stats": {
    "retrieved_count": 5,
    "has_context": true,
    "retriever_type": "simple_bm25"
  },
  "drl_stats": {
    "total_reward": 1.4767667239987774,
    "episodes": 3,
    "policy_type": "dqn"
  },
  "eval_stats": {
    "accuracy": 1.0,
    "f1": 1.0,
    "n_predictions": 200
  }
}