{
  "timestamp": 1757902010.4865358,
  "system_performance": {
    "avg_turnaround_time": {
      "mean": 50.0,
      "std": 0.0,
      "min": 50.0,
      "max": 50.0,
      "latest": 50.0,
      "trend": "stable"
    },
    "reliability": {
      "mean": 0.95,
      "std": 0.0,
      "min": 0.95,
      "max": 0.95,
      "latest": 0.95,
      "trend": "stable"
    },
    "energy_efficiency": {
      "mean": 0.019704433497536946,
      "std": 0.0,
      "min": 0.019704433497536946,
      "max": 0.019704433497536946,
      "latest": 0.019704433497536946,
      "trend": "stable"
    },
    "throughput": {
      "mean": 1.4285714285714286,
      "std": 0.0,
      "min": 1.4285714285714286,
      "max": 1.4285714285714286,
      "latest": 1.4285714285714286,
      "trend": "stable"
    },
    "makespan": {
      "mean": 70.0,
      "std": 0.0,
      "min": 70.0,
      "max": 70.0,
      "latest": 70.0,
      "trend": "stable"
    },
    "cost_efficiency": {
      "mean": 0.009852216748768473,
      "std": 0.0,
      "min": 0.009852216748768473,
      "max": 0.009852216748768473,
      "latest": 0.009852216748768473,
      "trend": "stable"
    },
    "resource_utilization": {
      "GPU": {
        "mean": 0.7,
        "std": 0.0,
        "min": 0.7,
        "max": 0.7,
        "latest": 0.7,
        "trend": "stable"
      },
      "Memory": {
        "mean": 0.75,
        "std": 0.0,
        "min": 0.75,
        "max": 0.75,
        "latest": 0.75,
        "trend": "stable"
      },
      "CPU": {
        "mean": 0.8,
        "std": 0.0,
        "min": 0.8,
        "max": 0.8,
        "latest": 0.8,
        "trend": "stable"
      },
      "Network": {
        "mean": 0.65,
        "std": 0.0,
        "min": 0.65,
        "max": 0.65,
        "latest": 0.65,
        "trend": "stable"
      }
    },
    "load_balance": {
      "mean": 0.9568965517241379,
      "std": 0.0,
      "min": 0.9568965517241379,
      "max": 0.9568965517241379,
      "latest": 0.9568965517241379,
      "trend": "stable"
    },
    "fairness": {
      "mean": 0.9284139098714187,
      "std": 0.0,
      "min": 0.9284139098714187,
      "max": 0.9284139098714187,
      "latest": 0.9284139098714187,
      "trend": "stable"
    },
    "avg_waiting_time": {
      "mean": 15.0,
      "std": 0.0,
      "min": 15.0,
      "max": 15.0,
      "latest": 15.0,
      "trend": "stable"
    }
  },
  "workflow_quality": {
    "scheduling_length": {
      "mean": 60.0,
      "std": 0.0,
      "min": 60.0,
      "max": 60.0,
      "latest": 60.0,
      "trend": "stable"
    },
    "communication_overhead": {
      "mean": 0.25,
      "std": 0.0,
      "min": 0.25,
      "max": 0.25,
      "latest": 0.25,
      "trend": "stable"
    },
    "data_locality_score": {
      "mean": 0.8,
      "std": 0.0,
      "min": 0.8,
      "max": 0.8,
      "latest": 0.8,
      "trend": "stable"
    },
    "priority_violation_rate": {
      "mean": 0.15,
      "std": 0.0,
      "min": 0.15,
      "max": 0.15,
      "latest": 0.15,
      "trend": "stable"
    },
    "critical_path_ratio": {
      "mean": 0.65,
      "std": 0.0,
      "min": 0.65,
      "max": 0.65,
      "latest": 0.65,
      "trend": "stable"
    },
    "parallel_efficiency": {
      "mean": 0.016666666666666666,
      "std": 0.0,
      "min": 0.016666666666666666,
      "max": 0.016666666666666666,
      "latest": 0.016666666666666666,
      "trend": "stable"
    },
    "workflow_completion_rate": {
      "mean": 0.9,
      "std": 0.0,
      "min": 0.9,
      "max": 0.9,
      "latest": 0.9,
      "trend": "stable"
    },
    "deadline_satisfaction_rate": {
      "mean": 0.85,
      "std": 0.0,
      "min": 0.85,
      "max": 0.85,
      "latest": 0.85,
      "trend": "stable"
    }
  },
  "training_process": {
    "reward_distribution": {
      "max": {
        "mean": 9.241354080579308,
        "std": 0.0,
        "min": 9.241354080579308,
        "max": 9.241354080579308,
        "latest": 9.241354080579308,
        "trend": "stable"
      },
      "median": {
        "mean": 1.3261630710601717,
        "std": 0.0,
        "min": 1.3261630710601717,
        "max": 1.3261630710601717,
        "latest": 1.3261630710601717,
        "trend": "stable"
      },
      "std": {
        "mean": 5.040153568698742,
        "std": 0.0,
        "min": 5.040153568698742,
        "max": 5.040153568698742,
        "latest": 5.040153568698742,
        "trend": "stable"
      },
      "min": {
        "mean": -7.292854785730789,
        "std": 0.0,
        "min": -7.292854785730789,
        "max": -7.292854785730789,
        "latest": -7.292854785730789,
        "trend": "stable"
      },
      "mean": {
        "mean": 1.46880094743666,
        "std": 0.0,
        "min": 1.46880094743666,
        "max": 1.46880094743666,
        "latest": 1.46880094743666,
        "trend": "stable"
      }
    },
    "learning_curve": {
      "length": 10,
      "trend": "increasing"
    },
    "exploration_efficiency": {
      "mean": NaN,
      "std": NaN,
      "min": NaN,
      "max": NaN,
      "latest": NaN,
      "trend": "stable"
    },
    "episode_count": {
      "mean": 10.0,
      "std": 0.0,
      "min": 10.0,
      "max": 10.0,
      "latest": 10.0,
      "trend": "stable"
    },
    "loss_curve": {
      "length": 10,
      "trend": "stable"
    },
    "stability_score": {
      "mean": 0.2256585053399235,
      "std": 0.0,
      "min": 0.2256585053399235,
      "max": 0.2256585053399235,
      "latest": 0.2256585053399235,
      "trend": "stable"
    },
    "q_value_curve": {
      "length": 10,
      "trend": "increasing"
    },
    "convergence_speed": {
      "mean": 1.0,
      "std": 0.0,
      "min": 1.0,
      "max": 1.0,
      "latest": 1.0,
      "trend": "stable"
    }
  },
  "baseline_comparison": {
    "adaptability_score": {
      "mean": 0.5,
      "std": 0.0,
      "min": 0.5,
      "max": 0.5,
      "latest": 0.5,
      "trend": "stable"
    },
    "efficiency_ratio": {
      "mean": 1.1333333333333333,
      "std": 0.0,
      "min": 1.1333333333333333,
      "max": 1.1333333333333333,
      "latest": 1.1333333333333333,
      "trend": "stable"
    },
    "scalability_score": {
      "mean": 1.0,
      "std": 0.0,
      "min": 1.0,
      "max": 1.0,
      "latest": 1.0,
      "trend": "stable"
    },
    "baseline_makespan": {
      "mean": 85.0,
      "std": 0.0,
      "min": 85.0,
      "max": 85.0,
      "latest": 85.0,
      "trend": "stable"
    },
    "robustness_score": {
      "mean": 1.0,
      "std": 0.0,
      "min": 1.0,
      "max": 1.0,
      "latest": 1.0,
      "trend": "stable"
    },
    "speedup_ratio": {
      "mean": 1.2142857142857142,
      "std": 0.0,
      "min": 1.2142857142857142,
      "max": 1.2142857142857142,
      "latest": 1.2142857142857142,
      "trend": "stable"
    },
    "improvement_ratio": {
      "mean": 0.17647058823529413,
      "std": 0.0,
      "min": 0.17647058823529413,
      "max": 0.17647058823529413,
      "latest": 0.17647058823529413,
      "trend": "stable"
    }
  },
  "overall_score": NaN,
  "recommendations": [
    "\u80fd\u6548\u8f83\u4f4e\uff0c\u5efa\u8bae\u8003\u8651\u8282\u80fd\u8c03\u5ea6\u7b56\u7565",
    "\u5e76\u884c\u6548\u7387\u4e0d\u8db3\uff0c\u5efa\u8bae\u4f18\u5316\u4efb\u52a1\u5e76\u884c\u6267\u884c\u7b56\u7565",
    "\u622a\u6b62\u65f6\u95f4\u6ee1\u8db3\u7387\u4f4e\uff0c\u5efa\u8bae\u6539\u8fdb\u4f18\u5148\u7ea7\u8c03\u5ea6\u7b56\u7565",
    "\u8bad\u7ec3\u4e0d\u7a33\u5b9a\uff0c\u5efa\u8bae\u589e\u52a0\u6b63\u5219\u5316\u6216\u8c03\u6574\u6279\u5927\u5c0f"
  ]
}