调度器,平均Makespan,标准差,最佳,实验次数
FIFO,12916.75324226521,6099.919949932748,6242.827263880002,60
HEFT,6743.6383469083175,4151.281709978246,1051.3062237866668,60
WASS_DRL,11940.61324112426,9347.754019575495,1051.3062237866668,60
WASS_RAG,10995.347583612362,5414.571081088886,1051.3062237866668,60
