调度器,平均Makespan,标准差,最佳,实验次数
FIFO,8261.339340340344,2631.6254274957487,4666.695927981025,15
HEFT,7852.749104155718,2790.5501757239044,4040.925219427143,15
WASS_DRL,9144.292985880806,3437.04102483393,4040.925219427143,15
