调度器,平均Makespan,标准差,最佳,实验次数
FIFO,6747.007526652373,2995.4960018829565,2655.0740539512494,15
HEFT,6737.519771162466,2997.8005274721563,2642.4476566275,15
WASS_DRL,6751.282678612816,3001.1517793305725,2642.4476566275,15
