调度器,平均Makespan,标准差,最佳,实验次数
FIFO,9017.009205789918,2118.457522946031,6143.7827476953335,15
HEFT,8059.004302159903,2351.8958084148376,4911.038778606369,15
WASS_DRL,9428.592781210802,4691.674536174097,4911.038778606369,15
