调度器,平均Makespan,标准差,最佳,实验次数
FIFO,6930.608021458,792.3827627816742,6143.7827476953335,20
HEFT,5760.650046153942,901.8681572996167,4879.843850556066,20
WASS_DRL,8978.06956994042,2267.835712036566,5692.683587761786,20
