{
  "config_path": "temp_lf_keyword_only.yaml",
  "experiment_name": "lf_exp_lf_keyword_only",
  "stages": {
    "data_loading": {
      "name": "data_loading",
      "start_time": 1757040804.300817,
      "end_time": 1757040804.30601,
      "elapsed_seconds": 0.005192995071411133
    },
    "labeling": {
      "name": "labeling",
      "start_time": 1757040804.3061702,
      "end_time": 1757040804.30743,
      "elapsed_seconds": 0.0012598037719726562
    },
    "label_model": {
      "name": "label_model",
      "start_time": 1757040804.3079174,
      "end_time": 1757040804.3092813,
      "elapsed_seconds": 0.001363992691040039
    },
    "graph_gnn": {
      "name": "graph_gnn",
      "start_time": 1757040804.3094497,
      "end_time": 1757040804.3107433,
      "elapsed_seconds": 0.0012936592102050781
    },
    "rag": {
      "name": "rag",
      "start_time": 1757040804.3109446,
      "end_time": 1757040804.3121645,
      "elapsed_seconds": 0.0012199878692626953
    },
    "drl": {
      "name": "drl",
      "start_time": 1757040804.3123152,
      "end_time": 1757040804.3125947,
      "elapsed_seconds": 0.00027942657470703125
    },
    "evaluation": {
      "name": "evaluation",
      "start_time": 1757040804.3127725,
      "end_time": 1757040804.3132522,
      "elapsed_seconds": 0.00047969818115234375
    }
  },
  "data_stats": {
    "train_size": 200,
    "valid_size": 50,
    "test_size": 50
  },
  "labeling_stats": {
    "coverage": 0.4125,
    "abstain_rate": 0.5875,
    "conflict_rate": 0.0,
    "lf_coverage": [
      0.36,
      0.465
    ],
    "n_samples": 200,
    "n_lfs": 2
  },
  "label_model_stats": {
    "proba_shape": [
      200,
      2
    ],
    "model_type": "majority_vote"
  },
  "graph_stats": {
    "graph_nodes": 17,
    "gnn_model": "gcn"
  },
  "rag_stats": {
    "retrieved_count": 5,
    "has_context": true,
    "retriever_type": "simple_bm25"
  },
  "drl_stats": {
    "total_reward": 1.2729238322621659,
    "episodes": 3,
    "policy_type": "dqn"
  },
  "eval_stats": {
    "accuracy": 1.0,
    "f1": 1.0,
    "n_predictions": 200
  }
}